1,Week 1,,,,,,,,,,,,Week 2,,,,,,,,,,,,Week 3,,,,,,,,,,,,Week 4,,,,,,,,,,,,Week 5,,,,,,,,,,,,Week 6,,,,,,,,,,,,Week 7,,,,,,,,,,,,Week 8,,,,,,,,,,,,Week 9,,,,,,,,,,,,Week 10,,,,,,,,,,,,Week 11,,,,,,,,,,,,Week 12,,,,,,,,,,,,Week 13,,,,,,,,,,,,Week 14,,,,,,,,,,,,Week 15,,,,,,,,,,,,Week 16,,,,,,,,,,,,Week 17,,,,,,,,,,,,Week 18,,,,,,,,,,,,Week 19,,,,,,,,,,,,Week 20,,,,,,,,,,,,Week 21,,,,,,,,,,,
Day 1,,,,,,,,,,,,,,,,,,,,,,,,,,,,,,,,,,,,,,,,,,,,,,,,,,,,,,,,,,,,,,,,,,,,,,,,,,,,,,,,,,,,,,,,,,,,,,,,,,,,,,,,,,,,,,,,,,,,,,,,,,,,,,,,,,,,,,,,,,,,,,,,,,,,,,,,,,,,,,,,,,,,,,,,,,,,,,,,,,,,,,,,,,,,,,,,,,,,,,,,,,,,,,,,,,,,,,,,,,,,,,,,,,,,,,,,,,,,,,,,,,,,,,,,,,,,
,Sets,Reps,Were all sets completed successfully,,,,Video,Notes,,,,,Sets,Reps,Were all sets completed successfully,,,,Video,Notes,,,,,Sets,Reps,Were all sets completed successfully,,,,Video,Notes,,,,,Sets,Reps,Were all sets completed successfully,,,,Video,Notes,,,,,Sets,Reps,Were all sets completed successfully,,,,Video,Notes,,,,,Sets,Reps,Were all sets completed successfully,,,,Video,Notes,,,,,Sets,Reps,Were all sets completed successfully,,,,Video,Notes,,,,,Sets,Reps,Were all sets completed successfully,,,,Video,Notes,,,,,Sets,Reps,Were all sets completed successfully,,,,Video,Notes,,,,,Sets,Reps,Were all sets completed successfully,,,,Video,Notes,,,,,Sets,Reps,Were all sets completed successfully,,,,Video,Notes,,,,,Sets,Reps,Were all sets completed successfully,,,,Video,Notes,,,,,Sets,Reps,Were all sets completed successfully,,,,Video,Notes,,,,,Sets,Reps,Were all sets completed successfully,,,,Video,Notes,,,,,Sets,Reps,Were all sets completed successfully,,,,Video,Notes,,,,,Sets,Reps,Were all sets completed successfully,,,,Video,Notes,,,,,Sets,Reps,Were all sets completed successfully,,,,Video,Notes,,,,,Sets,Reps,Were all sets completed successfully,,,,Video,Notes,,,,,Sets,Reps,Were all sets completed successfully,,,,Video,Notes,,,,,Sets,Reps,Were all sets completed successfully,,,,Video,Notes,,,,,Sets,Reps,Were all sets completed successfully,,,,Video,Notes,,,,
Lat Pulldown,3,12,yes,,,,,,,,,,4,12,yes,,,,,,,,,,5,12,,,,,,,,,,,5,12,,,,,,,,,,,5,12,,,,,,,,,,,5,12,,,,,,,,,,,5,12,,,,,,,,,,,5,12,,,,,,,,,,,5,12,,,,,,,,,,,5,12,,,,,,,,,,,5,12,,,,,,,,,,,5,12,,,,,,,,,,,5,12,,,,,,,,,,,5,12,,,,,,,,,,,5,12,,,,,,,,,,,5,12,,,,,,,,,,,5,12,,,,,,,,,,,5,12,,,,,,,,,,,5,12,,,,,,,,,,,5,12,,,,,,,,,,,5,12,,,,,,,,,,
,Weight,Reps per normal set,Rep out target,Set goal,Reps on last set,,Video,Notes,spacer 2,spacer 3,spacer 4,spacer 5,Weight,Reps per normal set,Rep out target,Set goal,Reps on last set,,Video,Notes,spacer 2,spacer 3,spacer 4,spacer 5,Weight,Reps per normal set,Rep out target,Set goal,Reps on last set,,Video,Notes,spacer 2,spacer 3,spacer 4,spacer 5,Weight,Reps per normal set,Rep out target,Set goal,Reps on last set,,Video,Notes,spacer 2,spacer 3,spacer 4,spacer 5,Weight,Reps per normal set,Rep out target,Set goal,Reps on last set,,Video,Notes,spacer 2,spacer 3,spacer 4,spacer 5,Weight,Reps per normal set,Rep out target,Set goal,Reps on last set,,Video,Notes,spacer 2,spacer 3,spacer 4,spacer 5,Weight,Reps per normal set,Rep out target,Set goal,Reps on last set,,Video,Notes,spacer 2,spacer 3,spacer 4,spacer 5,Weight,Reps per normal set,Rep out target,Set goal,Reps on last set,,Video,Notes,spacer 2,spacer 3,spacer 4,spacer 5,Weight,Reps per normal set,Rep out target,Set goal,Reps on last set,,Video,Notes,spacer 2,spacer 3,spacer 4,spacer 5,Weight,Reps per normal set,Rep out target,Set goal,Reps on last set,,Video,Notes,spacer 2,spacer 3,spacer 4,spacer 5,Weight,Reps per normal set,Rep out target,Set goal,Reps on last set,,Video,Notes,spacer 2,spacer 3,spacer 4,spacer 5,Weight,Reps per normal set,Rep out target,Set goal,Reps on last set,,Video,Notes,spacer 2,spacer 3,spacer 4,spacer 5,Weight,Reps per normal set,Rep out target,Set goal,Reps on last set,,Video,Notes,spacer 2,spacer 3,spacer 4,spacer 5,Weight,Reps per normal set,Rep out target,Set goal,Reps on last set,,Video,Notes,spacer 2,spacer 3,spacer 4,spacer 5,Weight,Reps per normal set,Rep out target,Set goal,Reps on last set,,Video,Notes,spacer 2,spacer 3,spacer 4,spacer 5,Weight,Reps per normal set,Rep out target,Set goal,Reps on last set,,Video,Notes,spacer 2,spacer 3,spacer 4,spacer 5,Weight,Reps per normal set,Rep out target,Set goal,Reps on last set,,Video,Notes,spacer 2,spacer 3,spacer 4,spacer 5,Weight,Reps per normal set,Rep out target,Set goal,Reps on last set,,Video,Notes,spacer 2,spacer 3,spacer 4,spacer 5,Weight,Reps per normal set,Rep out target,Set goal,Reps on last set,,Video,Notes,spacer 2,spacer 3,spacer 4,spacer 5,Weight,Reps per normal set,Rep out target,Set goal,Reps on last set,,Video,Notes,spacer 2,spacer 3,spacer 4,spacer 5,Weight,Reps per normal set,Rep out target,Set goal,Reps on last set,,Video,Notes,spacer 2,spacer 3,spacer 4,spacer 5
Overhead Press (Smith Machine) TM,65.00,single @8,,,,,,,,,,,66.30,single @8,,,,,,,,,,,66.30,single @8,,,,,,,,,,,66.30,single @8,,,,,,,,,,,66.30,single @8,,,,,,,,,,,66.30,single @8,,,,,,,,,,,66.30,single @8,,,,,,,,,,,66.30,single @8,,,,,,,,,,,66.30,single @8,,,,,,,,,,,66.30,single @8,,,,,,,,,,,66.30,single @8,,,,,,,,,,,66.30,single @8,,,,,,,,,,,66.30,single @8,,,,,,,,,,,66.30,single @8,,,,,,,,,,,66.30,single @8,,,,,,,,,,,66.30,single @8,,,,,,,,,,,66.30,single @8,,,,,,,,,,,66.30,single @8,,,,,,,,,,,66.30,single @8,,,,,,,,,,,66.30,single @8,,,,,,,,,,,66.30,single @8,,,,,,,,,,
Overhead Press (Smith Machine),42.5,12,15,4,19,,,,,,,,45,11,13,4,,,,,,,,,47.5,10,12,4,,,,,,,,,45,11,13,4,,,,,,,,,47.5,10,12,4,,,,,,,,,47.5,9,11,4,,,,,,,,,40,5,n/a,4,,,,,,,,,45,11,13,4,,,,,,,,,47.5,10,12,4,,,,,,,,,47.5,9,11,4,,,,,,,,,47.5,10,12,4,,,,,,,,,47.5,9,11,4,,,,,,,,,50,8,10,4,,,,,,,,,40,5,n/a,4,,,,,,,,,47.5,10,12,4,,,,,,,,,47.5,9,11,4,,,,,,,,,50,8,10,4,,,,,,,,,47.5,9,11,4,,,,,,,,,50,8,10,4,,,,,,,,,52.5,7,9,4,,,,,,,,,40,5,n/a,4,,,,,,,,
,Sets,Reps,Were all sets completed successfully,,#,,Video,Notes,,,,,Sets,Reps,Were all sets completed successfully,,,,Video,Notes,,,,,Sets,Reps,Were all sets completed successfully,,,,Video,Notes,,,,,Sets,Reps,Were all sets completed successfully,,,,Video,Notes,,,,,Sets,Reps,Were all sets completed successfully,,,,Video,Notes,,,,,Sets,Reps,Were all sets completed successfully,,,,Video,Notes,,,,,Sets,Reps,Were all sets completed successfully,,,,Video,Notes,,,,,Sets,Reps,Were all sets completed successfully,,,,Video,Notes,,,,,Sets,Reps,Were all sets completed successfully,,,,Video,Notes,,,,,Sets,Reps,Were all sets completed successfully,,,,Video,Notes,,,,,Sets,Reps,Were all sets completed successfully,,,,Video,Notes,,,,,Sets,Reps,Were all sets completed successfully,,,,Video,Notes,,,,,Sets,Reps,Were all sets completed successfully,,,,Video,Notes,,,,,Sets,Reps,Were all sets completed successfully,,,,Video,Notes,,,,,Sets,Reps,Were all sets completed successfully,,,,Video,Notes,,,,,Sets,Reps,Were all sets completed successfully,,,,Video,Notes,,,,,Sets,Reps,Were all sets completed successfully,,,,Video,Notes,,,,,Sets,Reps,Were all sets completed successfully,,,,Video,Notes,,,,,Sets,Reps,Were all sets completed successfully,,,,Video,Notes,,,,,Sets,Reps,Were all sets completed successfully,,,,Video,Notes,,,,,Sets,Reps,Were all sets completed successfully,,,,Video,Notes,,,,
Cable Low Row,4,12,yes,,,,,,,,,,5,12,yes,,,,,,,,,,6,12,yes,,,,,,,,,,4,13,,,,,,,,,,,4,13,,,,,,,,,,,4,13,,,,,,,,,,,4,13,,,,,,,,,,,4,13,,,,,,,,,,,4,13,,,,,,,,,,,4,13,,,,,,,,,,,4,13,,,,,,,,,,,4,13,,,,,,,,,,,4,13,,,,,,,,,,,4,13,,,,,,,,,,,4,13,,,,,,,,,,,4,13,,,,,,,,,,,4,13,,,,,,,,,,,4,13,,,,,,,,,,,4,13,,,,,,,,,,,4,13,,,,,,,,,,,4,13,,,,,,,,,,
,Sets,Reps,Were all sets completed successfully,,,,Video,Notes,,,,,Sets,Reps,Were all sets completed successfully,,,,Video,Notes,,,,,Sets,Reps,Were all sets completed successfully,,,,Video,Notes,,,,,Sets,Reps,Were all sets completed successfully,,,,Video,Notes,,,,,Sets,Reps,Were all sets completed successfully,,,,Video,Notes,,,,,Sets,Reps,Were all sets completed successfully,,,,Video,Notes,,,,,Sets,Reps,Were all sets completed successfully,,,,Video,Notes,,,,,Sets,Reps,Were all sets completed successfully,,,,Video,Notes,,,,,Sets,Reps,Were all sets completed successfully,,,,Video,Notes,,,,,Sets,Reps,Were all sets completed successfully,,,,Video,Notes,,,,,Sets,Reps,Were all sets completed successfully,,,,Video,Notes,,,,,Sets,Reps,Were all sets completed successfully,,,,Video,Notes,,,,,Sets,Reps,Were all sets completed successfully,,,,Video,Notes,,,,,Sets,Reps,Were all sets completed successfully,,,,Video,Notes,,,,,Sets,Reps,Were all sets completed successfully,,,,Video,Notes,,,,,Sets,Reps,Were all sets completed successfully,,,,Video,Notes,,,,,Sets,Reps,Were all sets completed successfully,,,,Video,Notes,,,,,Sets,Reps,Were all sets completed successfully,,,,Video,Notes,,,,,Sets,Reps,Were all sets completed successfully,,,,Video,Notes,,,,,Sets,Reps,Were all sets completed successfully,,,,Video,Notes,,,,,Sets,Reps,Were all sets completed successfully,,,,Video,Notes,,,,
Cable Lateral Raise,4,8,yes,,,,,,,,,,5,8,yes,,,,,,,,,,6,8,,,,,,,,,,,6,8,,,,,,,,,,,6,8,,,,,,,,,,,6,8,,,,,,,,,,,6,8,,,,,,,,,,,6,8,,,,,,,,,,,6,8,,,,,,,,,,,6,8,,,,,,,,,,,6,8,,,,,,,,,,,6,8,,,,,,,,,,,6,8,,,,,,,,,,,6,8,,,,,,,,,,,6,8,,,,,,,,,,,6,8,,,,,,,,,,,6,8,,,,,,,,,,,6,8,,,,,,,,,,,6,8,,,,,,,,,,,6,8,,,,,,,,,,,6,8,,,,,,,,,,
,Sets,Reps,Were all sets completed successfully,,,,Video,Notes,,,,,Sets,Reps,Were all sets completed successfully,,,,Video,Notes,,,,,Sets,Reps,Were all sets completed successfully,,,,Video,Notes,,,,,Sets,Reps,Were all sets completed successfully,,,,Video,Notes,,,,,Sets,Reps,Were all sets completed successfully,,,,Video,Notes,,,,,Sets,Reps,Were all sets completed successfully,,,,Video,Notes,,,,,Sets,Reps,Were all sets completed successfully,,,,Video,Notes,,,,,Sets,Reps,Were all sets completed successfully,,,,Video,Notes,,,,,Sets,Reps,Were all sets completed successfully,,,,Video,Notes,,,,,Sets,Reps,Were all sets completed successfully,,,,Video,Notes,,,,,Sets,Reps,Were all sets completed successfully,,,,Video,Notes,,,,,Sets,Reps,Were all sets completed successfully,,,,Video,Notes,,,,,Sets,Reps,Were all sets completed successfully,,,,Video,Notes,,,,,Sets,Reps,Were all sets completed successfully,,,,Video,Notes,,,,,Sets,Reps,Were all sets completed successfully,,,,Video,Notes,,,,,Sets,Reps,Were all sets completed successfully,,,,Video,Notes,,,,,Sets,Reps,Were all sets completed successfully,,,,Video,Notes,,,,,Sets,Reps,Were all sets completed successfully,,,,Video,Notes,,,,,Sets,Reps,Were all sets completed successfully,,,,Video,Notes,,,,,Sets,Reps,Were all sets completed successfully,,,,Video,Notes,,,,,Sets,Reps,Were all sets completed successfully,,,,Video,Notes,,,,
Cable Bicep Curl,4,20,yes,,,,,,,,,,5,20,yes,,,,,,,,,,6,20,,,,,,,,,,,6,20,,,,,,,,,,,6,20,,,,,,,,,,,6,20,,,,,,,,,,,6,20,,,,,,,,,,,6,20,,,,,,,,,,,6,20,,,,,,,,,,,6,20,,,,,,,,,,,6,20,,,,,,,,,,,6,20,,,,,,,,,,,6,20,,,,,,,,,,,6,20,,,,,,,,,,,6,20,,,,,,,,,,,6,20,,,,,,,,,,,6,20,,,,,,,,,,,6,20,,,,,,,,,,,6,20,,,,,,,,,,,6,20,,,,,,,,,,,6,20,,,,,,,,,,
,Sets,Reps,Were all sets completed successfully,,,,Video,Notes,,,,,Sets,Reps,Were all sets completed successfully,,,,Video,Notes,,,,,Sets,Reps,Were all sets completed successfully,,,,Video,Notes,,,,,Sets,Reps,Were all sets completed successfully,,,,Video,Notes,,,,,Sets,Reps,Were all sets completed successfully,,,,Video,Notes,,,,,Sets,Reps,Were all sets completed successfully,,,,Video,Notes,,,,,Sets,Reps,Were all sets completed successfully,,,,Video,Notes,,,,,Sets,Reps,Were all sets completed successfully,,,,Video,Notes,,,,,Sets,Reps,Were all sets completed successfully,,,,Video,Notes,,,,,Sets,Reps,Were all sets completed successfully,,,,Video,Notes,,,,,Sets,Reps,Were all sets completed successfully,,,,Video,Notes,,,,,Sets,Reps,Were all sets completed successfully,,,,Video,Notes,,,,,Sets,Reps,Were all sets completed successfully,,,,Video,Notes,,,,,Sets,Reps,Were all sets completed successfully,,,,Video,Notes,,,,,Sets,Reps,Were all sets completed successfully,,,,Video,Notes,,,,,Sets,Reps,Were all sets completed successfully,,,,Video,Notes,,,,,Sets,Reps,Were all sets completed successfully,,,,Video,Notes,,,,,Sets,Reps,Were all sets completed successfully,,,,Video,Notes,,,,,Sets,Reps,Were all sets completed successfully,,,,Video,Notes,,,,,Sets,Reps,Were all sets completed successfully,,,,Video,Notes,,,,,Sets,Reps,Were all sets completed successfully,,,,Video,Notes,,,,
Cable Tricep Pushdown,4,20,no,,,,,,,,,,4,20,yes,,,,,,,,,,5,20,,,,,,,,,,,5,20,,,,,,,,,,,5,20,,,,,,,,,,,5,20,,,,,,,,,,,5,20,,,,,,,,,,,5,20,,,,,,,,,,,5,20,,,,,,,,,,,5,20,,,,,,,,,,,5,20,,,,,,,,,,,5,20,,,,,,,,,,,5,20,,,,,,,,,,,5,20,,,,,,,,,,,5,20,,,,,,,,,,,5,20,,,,,,,,,,,5,20,,,,,,,,,,,5,20,,,,,,,,,,,5,20,,,,,,,,,,,5,20,,,,,,,,,,,5,20,,,,,,,,,,
,Sets,Reps,Were all sets completed successfully,,,,Video,Notes,,,,,Sets,Reps,Were all sets completed successfully,,,,Video,Notes,,,,,Sets,Reps,Were all sets completed successfully,,,,Video,Notes,,,,,Sets,Reps,Were all sets completed successfully,,,,Video,Notes,,,,,Sets,Reps,Were all sets completed successfully,,,,Video,Notes,,,,,Sets,Reps,Were all sets completed successfully,,,,Video,Notes,,,,,Sets,Reps,Were all sets completed successfully,,,,Video,Notes,,,,,Sets,Reps,Were all sets completed successfully,,,,Video,Notes,,,,,Sets,Reps,Were all sets completed successfully,,,,Video,Notes,,,,,Sets,Reps,Were all sets completed successfully,,,,Video,Notes,,,,,Sets,Reps,Were all sets completed successfully,,,,Video,Notes,,,,,Sets,Reps,Were all sets completed successfully,,,,Video,Notes,,,,,Sets,Reps,Were all sets completed successfully,,,,Video,Notes,,,,,Sets,Reps,Were all sets completed successfully,,,,Video,Notes,,,,,Sets,Reps,Were all sets completed successfully,,,,Video,Notes,,,,,Sets,Reps,Were all sets completed successfully,,,,Video,Notes,,,,,Sets,Reps,Were all sets completed successfully,,,,Video,Notes,,,,,Sets,Reps,Were all sets completed successfully,,,,Video,Notes,,,,,Sets,Reps,Were all sets completed successfully,,,,Video,Notes,,,,,Sets,Reps,Were all sets completed successfully,,,,Video,Notes,,,,,Sets,Reps,Were all sets completed successfully,,,,Video,Notes,,,,
Rear Delt Flyes,4,12,yes,,,,,,,,,,5,12,yes,,,,,,,,,,6,12,,,,,,,,,,,6,12,,,,,,,,,,,6,12,,,,,,,,,,,6,12,,,,,,,,,,,6,12,,,,,,,,,,,6,12,,,,,,,,,,,6,12,,,,,,,,,,,6,12,,,,,,,,,,,6,12,,,,,,,,,,,6,12,,,,,,,,,,,6,12,,,,,,,,,,,6,12,,,,,,,,,,,6,12,,,,,,,,,,,6,12,,,,,,,,,,,6,12,,,,,,,,,,,6,12,,,,,,,,,,,6,12,,,,,,,,,,,6,12,,,,,,,,,,,6,12,,,,,,,,,,
,Sets,Reps,Were all sets completed successfully,,,,Video,Notes,,,,,Sets,Reps,Were all sets completed successfully,,,,Video,Notes,,,,,Sets,Reps,Were all sets completed successfully,,,,Video,Notes,,,,,Sets,Reps,Were all sets completed successfully,,,,Video,Notes,,,,,Sets,Reps,Were all sets completed successfully,,,,Video,Notes,,,,,Sets,Reps,Were all sets completed successfully,,,,Video,Notes,,,,,Sets,Reps,Were all sets completed successfully,,,,Video,Notes,,,,,Sets,Reps,Were all sets completed successfully,,,,Video,Notes,,,,,Sets,Reps,Were all sets completed successfully,,,,Video,Notes,,,,,Sets,Reps,Were all sets completed successfully,,,,Video,Notes,,,,,Sets,Reps,Were all sets completed successfully,,,,Video,Notes,,,,,Sets,Reps,Were all sets completed successfully,,,,Video,Notes,,,,,Sets,Reps,Were all sets completed successfully,,,,Video,Notes,,,,,Sets,Reps,Were all sets completed successfully,,,,Video,Notes,,,,,Sets,Reps,Were all sets completed successfully,,,,Video,Notes,,,,,Sets,Reps,Were all sets completed successfully,,,,Video,Notes,,,,,Sets,Reps,Were all sets completed successfully,,,,Video,Notes,,,,,Sets,Reps,Were all sets completed successfully,,,,Video,Notes,,,,,Sets,Reps,Were all sets completed successfully,,,,Video,Notes,,,,,Sets,Reps,Were all sets completed successfully,,,,Video,Notes,,,,,Sets,Reps,Were all sets completed successfully,,,,Video,Notes,,,,
Day 2,,,,,,,,,,,,,,,,,,,,,,,,,,,,,,,,,,,,,,,,,,,,,,,,,,,,,,,,,,,,,,,,,,,,,,,,,,,,,,,,,,,,,,,,,,,,,,,,,,,,,,,,,,,,,,,,,,,,,,,,,,,,,,,,,,,,,,,,,,,,,,,,,,,,,,,,,,,,,,,,,,,,,,,,,,,,,,,,,,,,,,,,,,,,,,,,,,,,,,,,,,,,,,,,,,,,,,,,,,,,,,,,,,,,,,,,,,,,,,,,,,,,,,,,,,,,
,Weight,Reps per normal set,Rep out target,Set goal,Reps on last set,,Video,Notes,spacer 2,spacer 3,spacer 4,spacer 5,Weight,Reps per normal set,Rep out target,Set goal,Reps on last set,,Video,Notes,spacer 2,spacer 3,spacer 4,spacer 5,Weight,Reps per normal set,Rep out target,Set goal,Reps on last set,,Video,Notes,spacer 2,spacer 3,spacer 4,spacer 5,Weight,Reps per normal set,Rep out target,Set goal,Reps on last set,,Video,Notes,spacer 2,spacer 3,spacer 4,spacer 5,Weight,Reps per normal set,Rep out target,Set goal,Reps on last set,,Video,Notes,spacer 2,spacer 3,spacer 4,spacer 5,Weight,Reps per normal set,Rep out target,Set goal,Reps on last set,,Video,Notes,spacer 2,spacer 3,spacer 4,spacer 5,Weight,Reps per normal set,Rep out target,Set goal,Reps on last set,,Video,Notes,spacer 2,spacer 3,spacer 4,spacer 5,Weight,Reps per normal set,Rep out target,Set goal,Reps on last set,,Video,Notes,spacer 2,spacer 3,spacer 4,spacer 5,Weight,Reps per normal set,Rep out target,Set goal,Reps on last set,,Video,Notes,spacer 2,spacer 3,spacer 4,spacer 5,Weight,Reps per normal set,Rep out target,Set goal,Reps on last set,,Video,Notes,spacer 2,spacer 3,spacer 4,spacer 5,Weight,Reps per normal set,Rep out target,Set goal,Reps on last set,,Video,Notes,spacer 2,spacer 3,spacer 4,spacer 5,Weight,Reps per normal set,Rep out target,Set goal,Reps on last set,,Video,Notes,spacer 2,spacer 3,spacer 4,spacer 5,Weight,Reps per normal set,Rep out target,Set goal,Reps on last set,,Video,Notes,spacer 2,spacer 3,spacer 4,spacer 5,Weight,Reps per normal set,Rep out target,Set goal,Reps on last set,,Video,Notes,spacer 2,spacer 3,spacer 4,spacer 5,Weight,Reps per normal set,Rep out target,Set goal,Reps on last set,,Video,Notes,spacer 2,spacer 3,spacer 4,spacer 5,Weight,Reps per normal set,Rep out target,Set goal,Reps on last set,,Video,Notes,spacer 2,spacer 3,spacer 4,spacer 5,Weight,Reps per normal set,Rep out target,Set goal,Reps on last set,,Video,Notes,spacer 2,spacer 3,spacer 4,spacer 5,Weight,Reps per normal set,Rep out target,Set goal,Reps on last set,,Video,Notes,spacer 2,spacer 3,spacer 4,spacer 5,Weight,Reps per normal set,Rep out target,Set goal,Reps on last set,,Video,Notes,spacer 2,spacer 3,spacer 4,spacer 5,Weight,Reps per normal set,Rep out target,Set goal,Reps on last set,,Video,Notes,spacer 2,spacer 3,spacer 4,spacer 5,Weight,Reps per normal set,Rep out target,Set goal,Reps on last set,,Video,Notes,spacer 2,spacer 3,spacer 4,spacer 5
Smith Squat TM,107.50,single @8,,,,,,,,,,,110.73,single @8,,,,,,,,,,,110.73,single @8,,,,,,,,,,,110.73,single @8,,,,,,,,,,,110.73,single @8,,,,,,,,,,,110.73,single @8,,,,,,,,,,,110.73,single @8,,,,,,,,,,,110.73,single @8,,,,,,,,,,,110.73,single @8,,,,,,,,,,,110.73,single @8,,,,,,,,,,,110.73,single @8,,,,,,,,,,,110.73,single @8,,,,,,,,,,,110.73,single @8,,,,,,,,,,,110.73,single @8,,,,,,,,,,,110.73,single @8,,,,,,,,,,,110.73,single @8,,,,,,,,,,,110.73,single @8,,,,,,,,,,,110.73,single @8,,,,,,,,,,,110.73,single @8,,,,,,,,,,,110.73,single @8,,,,,,,,,,,110.73,single @8,,,,,,,,,,
Smith Squat,75,5,10,5,16,,,,,,,,85,4,8,5,,,,,,,,,90,3,6,5,,,,,,,,,80,5,9,5,,,,,,,,,85,4,7,5,,,,,,,,,90,3,5,5,,,,,,,,,65,5,n/a,4,,,,,,,,,85,4,8,5,,,,,,,,,90,3,6,5,,,,,,,,,95,2,4,5,,,,,,,,,85,4,7,5,,,,,,,,,90,3,5,5,,,,,,,,,95,2,3,5,,,,,,,,,65,5,n/a,4,,,,,,,,,90,3,6,5,,,,,,,,,95,2,4,5,,,,,,,,,100,1,2,5,,,,,,,,,95,2,4,5,,,,,,,,,100,1,2,5,,,,,,,,,105,1,2,5,,,,,,,,,65,5,n/a,4,,,,,,,,
,Sets,Reps,Were all sets completed successfully,,,,Video,Notes,,,,,Sets,Reps,Were all sets completed successfully,,,,Video,Notes,,,,,Sets,Reps,Were all sets completed successfully,,,,Video,Notes,,,,,Sets,Reps,Were all sets completed successfully,,,,Video,Notes,,,,,Sets,Reps,Were all sets completed successfully,,,,Video,Notes,,,,,Sets,Reps,Were all sets completed successfully,,,,Video,Notes,,,,,Sets,Reps,Were all sets completed successfully,,,,Video,Notes,,,,,Sets,Reps,Were all sets completed successfully,,,,Video,Notes,,,,,Sets,Reps,Were all sets completed successfully,,,,Video,Notes,,,,,Sets,Reps,Were all sets completed successfully,,,,Video,Notes,,,,,Sets,Reps,Were all sets completed successfully,,,,Video,Notes,,,,,Sets,Reps,Were all sets completed successfully,,,,Video,Notes,,,,,Sets,Reps,Were all sets completed successfully,,,,Video,Notes,,,,,Sets,Reps,Were all sets completed successfully,,,,Video,Notes,,,,,Sets,Reps,Were all sets completed successfully,,,,Video,Notes,,,,,Sets,Reps,Were all sets completed successfully,,,,Video,Notes,,,,,Sets,Reps,Were all sets completed successfully,,,,Video,Notes,,,,,Sets,Reps,Were all sets completed successfully,,,,Video,Notes,,,,,Sets,Reps,Were all sets completed successfully,,,,Video,Notes,,,,,Sets,Reps,Were all sets completed successfully,,,,Video,Notes,,,,,Sets,Reps,Were all sets completed successfully,,,,Video,Notes,,,,
Single Leg Lunge Smith Machine,4,9,yes,,,,,,,,,,5,9,yes,,,,,,,,,,6,9,,,,,,,,,,,6,9,,,,,,,,,,,6,9,,,,,,,,,,,6,9,,,,,,,,,,,6,9,,,,,,,,,,,6,9,,,,,,,,,,,6,9,,,,,,,,,,,6,9,,,,,,,,,,,6,9,,,,,,,,,,,6,9,,,,,,,,,,,6,9,,,,,,,,,,,6,9,,,,,,,,,,,6,9,,,,,,,,,,,6,9,,,,,,,,,,,6,9,,,,,,,,,,,6,9,,,,,,,,,,,6,9,,,,,,,,,,,6,9,,,,,,,,,,,6,9,,,,,,,,,,
,Sets,Reps,Were all sets completed successfully,,,,Video,Notes,,,,,Sets,Reps,Were all sets completed successfully,,,,Video,Notes,,,,,Sets,Reps,Were all sets completed successfully,,,,Video,Notes,,,,,Sets,Reps,Were all sets completed successfully,,,,Video,Notes,,,,,Sets,Reps,Were all sets completed successfully,,,,Video,Notes,,,,,Sets,Reps,Were all sets completed successfully,,,,Video,Notes,,,,,Sets,Reps,Were all sets completed successfully,,,,Video,Notes,,,,,Sets,Reps,Were all sets completed successfully,,,,Video,Notes,,,,,Sets,Reps,Were all sets completed successfully,,,,Video,Notes,,,,,Sets,Reps,Were all sets completed successfully,,,,Video,Notes,,,,,Sets,Reps,Were all sets completed successfully,,,,Video,Notes,,,,,Sets,Reps,Were all sets completed successfully,,,,Video,Notes,,,,,Sets,Reps,Were all sets completed successfully,,,,Video,Notes,,,,,Sets,Reps,Were all sets completed successfully,,,,Video,Notes,,,,,Sets,Reps,Were all sets completed successfully,,,,Video,Notes,,,,,Sets,Reps,Were all sets completed successfully,,,,Video,Notes,,,,,Sets,Reps,Were all sets completed successfully,,,,Video,Notes,,,,,Sets,Reps,Were all sets completed successfully,,,,Video,Notes,,,,,Sets,Reps,Were all sets completed successfully,,,,Video,Notes,,,,,Sets,Reps,Were all sets completed successfully,,,,Video,Notes,,,,,Sets,Reps,Were all sets completed successfully,,,,Video,Notes,,,,
Lying Leg Curl,4,12,yes,,,,,,,,,,5,12,yes,,,,,,,,,,6,12,,,,,,,,,,,6,12,,,,,,,,,,,6,12,,,,,,,,,,,6,12,,,,,,,,,,,6,12,,,,,,,,,,,6,12,,,,,,,,,,,6,12,,,,,,,,,,,6,12,,,,,,,,,,,6,12,,,,,,,,,,,6,12,,,,,,,,,,,6,12,,,,,,,,,,,6,12,,,,,,,,,,,6,12,,,,,,,,,,,6,12,,,,,,,,,,,6,12,,,,,,,,,,,6,12,,,,,,,,,,,6,12,,,,,,,,,,,6,12,,,,,,,,,,,6,12,,,,,,,,,,
,Sets,Reps,Were all sets completed successfully,,,,Video,Notes,,,,,Sets,Reps,Were all sets completed successfully,,,,Video,Notes,,,,,Sets,Reps,Were all sets completed successfully,,,,Video,Notes,,,,,Sets,Reps,Were all sets completed successfully,,,,Video,Notes,,,,,Sets,Reps,Were all sets completed successfully,,,,Video,Notes,,,,,Sets,Reps,Were all sets completed successfully,,,,Video,Notes,,,,,Sets,Reps,Were all sets completed successfully,,,,Video,Notes,,,,,Sets,Reps,Were all sets completed successfully,,,,Video,Notes,,,,,Sets,Reps,Were all sets completed successfully,,,,Video,Notes,,,,,Sets,Reps,Were all sets completed successfully,,,,Video,Notes,,,,,Sets,Reps,Were all sets completed successfully,,,,Video,Notes,,,,,Sets,Reps,Were all sets completed successfully,,,,Video,Notes,,,,,Sets,Reps,Were all sets completed successfully,,,,Video,Notes,,,,,Sets,Reps,Were all sets completed successfully,,,,Video,Notes,,,,,Sets,Reps,Were all sets completed successfully,,,,Video,Notes,,,,,Sets,Reps,Were all sets completed successfully,,,,Video,Notes,,,,,Sets,Reps,Were all sets completed successfully,,,,Video,Notes,,,,,Sets,Reps,Were all sets completed successfully,,,,Video,Notes,,,,,Sets,Reps,Were all sets completed successfully,,,,Video,Notes,,,,,Sets,Reps,Were all sets completed successfully,,,,Video,Notes,,,,,Sets,Reps,Were all sets completed successfully,,,,Video,Notes,,,,
Hip Abduction,3,12,yes,,,,,,,,,,4,12,yes,,,,,,,,,,5,12,,,,,,,,,,,5,12,,,,,,,,,,,5,12,,,,,,,,,,,5,12,,,,,,,,,,,5,12,,,,,,,,,,,5,12,,,,,,,,,,,5,12,,,,,,,,,,,5,12,,,,,,,,,,,5,12,,,,,,,,,,,5,12,,,,,,,,,,,5,12,,,,,,,,,,,5,12,,,,,,,,,,,5,12,,,,,,,,,,,5,12,,,,,,,,,,,5,12,,,,,,,,,,,5,12,,,,,,,,,,,5,12,,,,,,,,,,,5,12,,,,,,,,,,,5,12,,,,,,,,,,
,Sets,Reps,Were all sets completed successfully,,,,Video,Notes,,,,,Sets,Reps,Were all sets completed successfully,,,,Video,Notes,,,,,Sets,Reps,Were all sets completed successfully,,,,Video,Notes,,,,,Sets,Reps,Were all sets completed successfully,,,,Video,Notes,,,,,Sets,Reps,Were all sets completed successfully,,,,Video,Notes,,,,,Sets,Reps,Were all sets completed successfully,,,,Video,Notes,,,,,Sets,Reps,Were all sets completed successfully,,,,Video,Notes,,,,,Sets,Reps,Were all sets completed successfully,,,,Video,Notes,,,,,Sets,Reps,Were all sets completed successfully,,,,Video,Notes,,,,,Sets,Reps,Were all sets completed successfully,,,,Video,Notes,,,,,Sets,Reps,Were all sets completed successfully,,,,Video,Notes,,,,,Sets,Reps,Were all sets completed successfully,,,,Video,Notes,,,,,Sets,Reps,Were all sets completed successfully,,,,Video,Notes,,,,,Sets,Reps,Were all sets completed successfully,,,,Video,Notes,,,,,Sets,Reps,Were all sets completed successfully,,,,Video,Notes,,,,,Sets,Reps,Were all sets completed successfully,,,,Video,Notes,,,,,Sets,Reps,Were all sets completed successfully,,,,Video,Notes,,,,,Sets,Reps,Were all sets completed successfully,,,,Video,Notes,,,,,Sets,Reps,Were all sets completed successfully,,,,Video,Notes,,,,,Sets,Reps,Were all sets completed successfully,,,,Video,Notes,,,,,Sets,Reps,Were all sets completed successfully,,,,Video,Notes,,,,
Calf Raises,3,15,yes,,,,,,,,,,4,15,no,,,,,,,,,,4,15,,,,,,,,,,,4,15,,,,,,,,,,,4,15,,,,,,,,,,,4,15,,,,,,,,,,,4,15,,,,,,,,,,,4,15,,,,,,,,,,,4,15,,,,,,,,,,,4,15,,,,,,,,,,,4,15,,,,,,,,,,,4,15,,,,,,,,,,,4,15,,,,,,,,,,,4,15,,,,,,,,,,,4,15,,,,,,,,,,,4,15,,,,,,,,,,,4,15,,,,,,,,,,,4,15,,,,,,,,,,,4,15,,,,,,,,,,,4,15,,,,,,,,,,,4,15,,,,,,,,,,
,Sets,Reps,Were all sets completed successfully,,,,Video,Notes,,,,,Sets,Reps,Were all sets completed successfully,,,,Video,Notes,,,,,Sets,Reps,Were all sets completed successfully,,,,Video,Notes,,,,,Sets,Reps,Were all sets completed successfully,,,,Video,Notes,,,,,Sets,Reps,Were all sets completed successfully,,,,Video,Notes,,,,,Sets,Reps,Were all sets completed successfully,,,,Video,Notes,,,,,Sets,Reps,Were all sets completed successfully,,,,Video,Notes,,,,,Sets,Reps,Were all sets completed successfully,,,,Video,Notes,,,,,Sets,Reps,Were all sets completed successfully,,,,Video,Notes,,,,,Sets,Reps,Were all sets completed successfully,,,,Video,Notes,,,,,Sets,Reps,Were all sets completed successfully,,,,Video,Notes,,,,,Sets,Reps,Were all sets completed successfully,,,,Video,Notes,,,,,Sets,Reps,Were all sets completed successfully,,,,Video,Notes,,,,,Sets,Reps,Were all sets completed successfully,,,,Video,Notes,,,,,Sets,Reps,Were all sets completed successfully,,,,Video,Notes,,,,,Sets,Reps,Were all sets completed successfully,,,,Video,Notes,,,,,Sets,Reps,Were all sets completed successfully,,,,Video,Notes,,,,,Sets,Reps,Were all sets completed successfully,,,,Video,Notes,,,,,Sets,Reps,Were all sets completed successfully,,,,Video,Notes,,,,,Sets,Reps,Were all sets completed successfully,,,,Video,Notes,,,,,Sets,Reps,Were all sets completed successfully,,,,Video,Notes,,,,
Day 3,,,,,,,,,,,,,,,,,,,,,,,,,,,,,,,,,,,,,,,,,,,,,,,,,,,,,,,,,,,,,,,,,,,,,,,,,,,,,,,,,,,,,,,,,,,,,,,,,,,,,,,,,,,,,,,,,,,,,,,,,,,,,,,,,,,,,,,,,,,,,,,,,,,,,,,,,,,,,,,,,,,,,,,,,,,,,,,,,,,,,,,,,,,,,,,,,,,,,,,,,,,,,,,,,,,,,,,,,,,,,,,,,,,,,,,,,,,,,,,,,,,,,,,,,,,,
,Weight,Reps per normal set,Rep out target,Set goal,Reps on last set,,Video,Notes,spacer 2,spacer 3,spacer 4,spacer 5,Weight,Reps per normal set,Rep out target,Set goal,Reps on last set,,Video,Notes,spacer 2,spacer 3,spacer 4,spacer 5,Weight,Reps per normal set,Rep out target,Set goal,Reps on last set,,Video,Notes,spacer 2,spacer 3,spacer 4,spacer 5,Weight,Reps per normal set,Rep out target,Set goal,Reps on last set,,Video,Notes,spacer 2,spacer 3,spacer 4,spacer 5,Weight,Reps per normal set,Rep out target,Set goal,Reps on last set,,Video,Notes,spacer 2,spacer 3,spacer 4,spacer 5,Weight,Reps per normal set,Rep out target,Set goal,Reps on last set,,Video,Notes,spacer 2,spacer 3,spacer 4,spacer 5,Weight,Reps per normal set,Rep out target,Set goal,Reps on last set,,Video,Notes,spacer 2,spacer 3,spacer 4,spacer 5,Weight,Reps per normal set,Rep out target,Set goal,Reps on last set,,Video,Notes,spacer 2,spacer 3,spacer 4,spacer 5,Weight,Reps per normal set,Rep out target,Set goal,Reps on last set,,Video,Notes,spacer 2,spacer 3,spacer 4,spacer 5,Weight,Reps per normal set,Rep out target,Set goal,Reps on last set,,Video,Notes,spacer 2,spacer 3,spacer 4,spacer 5,Weight,Reps per normal set,Rep out target,Set goal,Reps on last set,,Video,Notes,spacer 2,spacer 3,spacer 4,spacer 5,Weight,Reps per normal set,Rep out target,Set goal,Reps on last set,,Video,Notes,spacer 2,spacer 3,spacer 4,spacer 5,Weight,Reps per normal set,Rep out target,Set goal,Reps on last set,,Video,Notes,spacer 2,spacer 3,spacer 4,spacer 5,Weight,Reps per normal set,Rep out target,Set goal,Reps on last set,,Video,Notes,spacer 2,spacer 3,spacer 4,spacer 5,Weight,Reps per normal set,Rep out target,Set goal,Reps on last set,,Video,Notes,spacer 2,spacer 3,spacer 4,spacer 5,Weight,Reps per normal set,Rep out target,Set goal,Reps on last set,,Video,Notes,spacer 2,spacer 3,spacer 4,spacer 5,Weight,Reps per normal set,Rep out target,Set goal,Reps on last set,,Video,Notes,spacer 2,spacer 3,spacer 4,spacer 5,Weight,Reps per normal set,Rep out target,Set goal,Reps on last set,,Video,Notes,spacer 2,spacer 3,spacer 4,spacer 5,Weight,Reps per normal set,Rep out target,Set goal,Reps on last set,,Video,Notes,spacer 2,spacer 3,spacer 4,spacer 5,Weight,Reps per normal set,Rep out target,Set goal,Reps on last set,,Video,Notes,spacer 2,spacer 3,spacer 4,spacer 5,Weight,Reps per normal set,Rep out target,Set goal,Reps on last set,,Video,Notes,spacer 2,spacer 3,spacer 4,spacer 5
,Weight,Sets,Total reps,Total reps completed,,,Video,Notes,spacer 3,spacer 4,spacer 5,spacer 6,Weight,Sets,Total reps,Total reps completed,,,Video,Notes,spacer 3,spacer 4,spacer 5,spacer 6,Weight,Sets,Total reps,Total reps completed,,,Video,Notes,spacer 3,spacer 4,spacer 5,spacer 6,Weight,Sets,Total reps,Total reps completed,,,Video,Notes,spacer 3,spacer 4,spacer 5,spacer 6,Weight,Sets,Total reps,Total reps completed,,,Video,Notes,spacer 3,spacer 4,spacer 5,spacer 6,Weight,Sets,Total reps,Total reps completed,,,Video,Notes,spacer 3,spacer 4,spacer 5,spacer 6,Weight,Sets,Total reps,Total reps completed,,,Video,Notes,spacer 3,spacer 4,spacer 5,spacer 6,Weight,Sets,Total reps,Total reps completed,,,Video,Notes,spacer 3,spacer 4,spacer 5,spacer 6,Weight,Sets,Total reps,Total reps completed,,,Video,Notes,spacer 3,spacer 4,spacer 5,spacer 6,Weight,Sets,Total reps,Total reps completed,,,Video,Notes,spacer 3,spacer 4,spacer 5,spacer 6,Weight,Sets,Total reps,Total reps completed,,,Video,Notes,spacer 3,spacer 4,spacer 5,spacer 6,Weight,Sets,Total reps,Total reps completed,,,Video,Notes,spacer 3,spacer 4,spacer 5,spacer 6,Weight,Sets,Total reps,Total reps completed,,,Video,Notes,spacer 3,spacer 4,spacer 5,spacer 6,Weight,Sets,Total reps,Total reps completed,,,Video,Notes,spacer 3,spacer 4,spacer 5,spacer 6,Weight,Sets,Total reps,Total reps completed,,,Video,Notes,spacer 3,spacer 4,spacer 5,spacer 6,Weight,Sets,Total reps,Total reps completed,,,Video,Notes,spacer 3,spacer 4,spacer 5,spacer 6,Weight,Sets,Total reps,Total reps completed,,,Video,Notes,spacer 3,spacer 4,spacer 5,spacer 6,Weight,Sets,Total reps,Total reps completed,,,Video,Notes,spacer 3,spacer 4,spacer 5,spacer 6,Weight,Sets,Total reps,Total reps completed,,,Video,Notes,spacer 3,spacer 4,spacer 5,spacer 6,Weight,Sets,Total reps,Total reps completed,,,Video,Notes,spacer 3,spacer 4,spacer 5,spacer 6,Weight,Sets,Total reps,Total reps completed,,,Video,Notes,spacer 3,spacer 4,spacer 5,spacer 6
Assisted Dips,32,3,40,,,,,,,,,,30,4,40,,,,,,,,,,30,3,40,,,,,,,,,,30,3,40,,,,,,,,,,30,3,40,,,,,,,,,,30,3,40,,,,,,,,,,30,3,40,,,,,,,,,,30,3,40,,,,,,,,,,30,3,40,,,,,,,,,,30,3,40,,,,,,,,,,30,3,40,,,,,,,,,,30,3,40,,,,,,,,,,30,3,40,,,,,,,,,,30,3,40,,,,,,,,,,30,3,40,,,,,,,,,,30,3,40,,,,,,,,,,30,3,40,,,,,,,,,,30,3,40,,,,,,,,,,30,3,40,,,,,,,,,,30,3,40,,,,,,,,,,30,3,40,,,,,,,,,
,Weight,Sets,Total reps,Total reps completed,,,Video,Notes,spacer 3,spacer 4,spacer 5,spacer 6,Weight,Sets,Total reps,Total reps completed,,,Video,Notes,spacer 3,spacer 4,spacer 5,spacer 6,Weight,Sets,Total reps,Total reps completed,,,Video,Notes,spacer 3,spacer 4,spacer 5,spacer 6,Weight,Sets,Total reps,Total reps completed,,,Video,Notes,spacer 3,spacer 4,spacer 5,spacer 6,Weight,Sets,Total reps,Total reps completed,,,Video,Notes,spacer 3,spacer 4,spacer 5,spacer 6,Weight,Sets,Total reps,Total reps completed,,,Video,Notes,spacer 3,spacer 4,spacer 5,spacer 6,Weight,Sets,Total reps,Total reps completed,,,Video,Notes,spacer 3,spacer 4,spacer 5,spacer 6,Weight,Sets,Total reps,Total reps completed,,,Video,Notes,spacer 3,spacer 4,spacer 5,spacer 6,Weight,Sets,Total reps,Total reps completed,,,Video,Notes,spacer 3,spacer 4,spacer 5,spacer 6,Weight,Sets,Total reps,Total reps completed,,,Video,Notes,spacer 3,spacer 4,spacer 5,spacer 6,Weight,Sets,Total reps,Total reps completed,,,Video,Notes,spacer 3,spacer 4,spacer 5,spacer 6,Weight,Sets,Total reps,Total reps completed,,,Video,Notes,spacer 3,spacer 4,spacer 5,spacer 6,Weight,Sets,Total reps,Total reps completed,,,Video,Notes,spacer 3,spacer 4,spacer 5,spacer 6,Weight,Sets,Total reps,Total reps completed,,,Video,Notes,spacer 3,spacer 4,spacer 5,spacer 6,Weight,Sets,Total reps,Total reps completed,,,Video,Notes,spacer 3,spacer 4,spacer 5,spacer 6,Weight,Sets,Total reps,Total reps completed,,,Video,Notes,spacer 3,spacer 4,spacer 5,spacer 6,Weight,Sets,Total reps,Total reps completed,,,Video,Notes,spacer 3,spacer 4,spacer 5,spacer 6,Weight,Sets,Total reps,Total reps completed,,,Video,Notes,spacer 3,spacer 4,spacer 5,spacer 6,Weight,Sets,Total reps,Total reps completed,,,Video,Notes,spacer 3,spacer 4,spacer 5,spacer 6,Weight,Sets,Total reps,Total reps completed,,,Video,Notes,spacer 3,spacer 4,spacer 5,spacer 6,Weight,Sets,Total reps,Total reps completed,,,Video,Notes,spacer 3,spacer 4,spacer 5,spacer 6
Assisted Pullups,32,6,40,,,,,,,,,,30,6,40,,,,,,,,,,30,3,40,,,,,,,,,,30,3,40,,,,,,,,,,30,3,40,,,,,,,,,,30,3,40,,,,,,,,,,30,3,40,,,,,,,,,,30,3,40,,,,,,,,,,30,3,40,,,,,,,,,,30,3,40,,,,,,,,,,30,3,40,,,,,,,,,,30,3,40,,,,,,,,,,30,3,40,,,,,,,,,,30,3,40,,,,,,,,,,30,3,40,,,,,,,,,,30,3,40,,,,,,,,,,30,3,40,,,,,,,,,,30,3,40,,,,,,,,,,30,3,40,,,,,,,,,,30,3,40,,,,,,,,,,30,3,40,,,,,,,,,
,Weight,Sets,Total reps,Total reps completed,,,Video,Notes,spacer 3,spacer 4,spacer 5,spacer 6,Weight,Sets,Total reps,Total reps completed,,,Video,Notes,spacer 3,spacer 4,spacer 5,spacer 6,Weight,Sets,Total reps,Total reps completed,,,Video,Notes,spacer 3,spacer 4,spacer 5,spacer 6,Weight,Sets,Total reps,Total reps completed,,,Video,Notes,spacer 3,spacer 4,spacer 5,spacer 6,Weight,Sets,Total reps,Total reps completed,,,Video,Notes,spacer 3,spacer 4,spacer 5,spacer 6,Weight,Sets,Total reps,Total reps completed,,,Video,Notes,spacer 3,spacer 4,spacer 5,spacer 6,Weight,Sets,Total reps,Total reps completed,,,Video,Notes,spacer 3,spacer 4,spacer 5,spacer 6,Weight,Sets,Total reps,Total reps completed,,,Video,Notes,spacer 3,spacer 4,spacer 5,spacer 6,Weight,Sets,Total reps,Total reps completed,,,Video,Notes,spacer 3,spacer 4,spacer 5,spacer 6,Weight,Sets,Total reps,Total reps completed,,,Video,Notes,spacer 3,spacer 4,spacer 5,spacer 6,Weight,Sets,Total reps,Total reps completed,,,Video,Notes,spacer 3,spacer 4,spacer 5,spacer 6,Weight,Sets,Total reps,Total reps completed,,,Video,Notes,spacer 3,spacer 4,spacer 5,spacer 6,Weight,Sets,Total reps,Total reps completed,,,Video,Notes,spacer 3,spacer 4,spacer 5,spacer 6,Weight,Sets,Total reps,Total reps completed,,,Video,Notes,spacer 3,spacer 4,spacer 5,spacer 6,Weight,Sets,Total reps,Total reps completed,,,Video,Notes,spacer 3,spacer 4,spacer 5,spacer 6,Weight,Sets,Total reps,Total reps completed,,,Video,Notes,spacer 3,spacer 4,spacer 5,spacer 6,Weight,Sets,Total reps,Total reps completed,,,Video,Notes,spacer 3,spacer 4,spacer 5,spacer 6,Weight,Sets,Total reps,Total reps completed,,,Video,Notes,spacer 3,spacer 4,spacer 5,spacer 6,Weight,Sets,Total reps,Total reps completed,,,Video,Notes,spacer 3,spacer 4,spacer 5,spacer 6,Weight,Sets,Total reps,Total reps completed,,,Video,Notes,spacer 3,spacer 4,spacer 5,spacer 6,Weight,Sets,Total reps,Total reps completed,,,Video,Notes,spacer 3,spacer 4,spacer 5,spacer 6
,Sets,Reps,Were all sets completed successfully,,,,Video,Notes,,,,,Sets,Reps,Were all sets completed successfully,,,,Video,Notes,,,,,Sets,Reps,Were all sets completed successfully,,,,Video,Notes,,,,,Sets,Reps,Were all sets completed successfully,,,,Video,Notes,,,,,Sets,Reps,Were all sets completed successfully,,,,Video,Notes,,,,,Sets,Reps,Were all sets completed successfully,,,,Video,Notes,,,,,Sets,Reps,Were all sets completed successfully,,,,Video,Notes,,,,,Sets,Reps,Were all sets completed successfully,,,,Video,Notes,,,,,Sets,Reps,Were all sets completed successfully,,,,Video,Notes,,,,,Sets,Reps,Were all sets completed successfully,,,,Video,Notes,,,,,Sets,Reps,Were all sets completed successfully,,,,Video,Notes,,,,,Sets,Reps,Were all sets completed successfully,,,,Video,Notes,,,,,Sets,Reps,Were all sets completed successfully,,,,Video,Notes,,,,,Sets,Reps,Were all sets completed successfully,,,,Video,Notes,,,,,Sets,Reps,Were all sets completed successfully,,,,Video,Notes,,,,,Sets,Reps,Were all sets completed successfully,,,,Video,Notes,,,,,Sets,Reps,Were all sets completed successfully,,,,Video,Notes,,,,,Sets,Reps,Were all sets completed successfully,,,,Video,Notes,,,,,Sets,Reps,Were all sets completed successfully,,,,Video,Notes,,,,,Sets,Reps,Were all sets completed successfully,,,,Video,Notes,,,,,Sets,Reps,Were all sets completed successfully,,,,Video,Notes,,,,
Concentration Curl,4,15,no,,,,,,,,,,4,15,yes,,,,,,,,,,5,15,,,,,,,,,,,5,15,,,,,,,,,,,5,15,,,,,,,,,,,5,15,,,,,,,,,,,5,15,,,,,,,,,,,5,15,,,,,,,,,,,5,15,,,,,,,,,,,5,15,,,,,,,,,,,5,15,,,,,,,,,,,5,15,,,,,,,,,,,5,15,,,,,,,,,,,5,15,,,,,,,,,,,5,15,,,,,,,,,,,5,15,,,,,,,,,,,5,15,,,,,,,,,,,5,15,,,,,,,,,,,5,15,,,,,,,,,,,5,15,,,,,,,,,,,5,15,,,,,,,,,,
,Sets,Reps,Were all sets completed successfully,,,,Video,Notes,,,,,Sets,Reps,Were all sets completed successfully,,,,Video,Notes,,,,,Sets,Reps,Were all sets completed successfully,,,,Video,Notes,,,,,Sets,Reps,Were all sets completed successfully,,,,Video,Notes,,,,,Sets,Reps,Were all sets completed successfully,,,,Video,Notes,,,,,Sets,Reps,Were all sets completed successfully,,,,Video,Notes,,,,,Sets,Reps,Were all sets completed successfully,,,,Video,Notes,,,,,Sets,Reps,Were all sets completed successfully,,,,Video,Notes,,,,,Sets,Reps,Were all sets completed successfully,,,,Video,Notes,,,,,Sets,Reps,Were all sets completed successfully,,,,Video,Notes,,,,,Sets,Reps,Were all sets completed successfully,,,,Video,Notes,,,,,Sets,Reps,Were all sets completed successfully,,,,Video,Notes,,,,,Sets,Reps,Were all sets completed successfully,,,,Video,Notes,,,,,Sets,Reps,Were all sets completed successfully,,,,Video,Notes,,,,,Sets,Reps,Were all sets completed successfully,,,,Video,Notes,,,,,Sets,Reps,Were all sets completed successfully,,,,Video,Notes,,,,,Sets,Reps,Were all sets completed successfully,,,,Video,Notes,,,,,Sets,Reps,Were all sets completed successfully,,,,Video,Notes,,,,,Sets,Reps,Were all sets completed successfully,,,,Video,Notes,,,,,Sets,Reps,Were all sets completed successfully,,,,Video,Notes,,,,,Sets,Reps,Were all sets completed successfully,,,,Video,Notes,,,,
Ez Curl,3,15,yes,,,,,,,,,,4,15,yes,,,,,,,,,,5,15,,,,,,,,,,,5,15,,,,,,,,,,,5,15,,,,,,,,,,,5,15,,,,,,,,,,,5,15,,,,,,,,,,,5,15,,,,,,,,,,,5,15,,,,,,,,,,,5,15,,,,,,,,,,,5,15,,,,,,,,,,,5,15,,,,,,,,,,,5,15,,,,,,,,,,,5,15,,,,,,,,,,,5,15,,,,,,,,,,,5,15,,,,,,,,,,,5,15,,,,,,,,,,,5,15,,,,,,,,,,,5,15,,,,,,,,,,,5,15,,,,,,,,,,,5,15,,,,,,,,,,
,Sets,Reps,Were all sets completed successfully,,,,Video,Notes,,,,,Sets,Reps,Were all sets completed successfully,,,,Video,Notes,,,,,Sets,Reps,Were all sets completed successfully,,,,Video,Notes,,,,,Sets,Reps,Were all sets completed successfully,,,,Video,Notes,,,,,Sets,Reps,Were all sets completed successfully,,,,Video,Notes,,,,,Sets,Reps,Were all sets completed successfully,,,,Video,Notes,,,,,Sets,Reps,Were all sets completed successfully,,,,Video,Notes,,,,,Sets,Reps,Were all sets completed successfully,,,,Video,Notes,,,,,Sets,Reps,Were all sets completed successfully,,,,Video,Notes,,,,,Sets,Reps,Were all sets completed successfully,,,,Video,Notes,,,,,Sets,Reps,Were all sets completed successfully,,,,Video,Notes,,,,,Sets,Reps,Were all sets completed successfully,,,,Video,Notes,,,,,Sets,Reps,Were all sets completed successfully,,,,Video,Notes,,,,,Sets,Reps,Were all sets completed successfully,,,,Video,Notes,,,,,Sets,Reps,Were all sets completed successfully,,,,Video,Notes,,,,,Sets,Reps,Were all sets completed successfully,,,,Video,Notes,,,,,Sets,Reps,Were all sets completed successfully,,,,Video,Notes,,,,,Sets,Reps,Were all sets completed successfully,,,,Video,Notes,,,,,Sets,Reps,Were all sets completed successfully,,,,Video,Notes,,,,,Sets,Reps,Were all sets completed successfully,,,,Video,Notes,,,,,Sets,Reps,Were all sets completed successfully,,,,Video,Notes,,,,
Single Arm Tricep Pushdown,6,25,yes,,,,,,,,,,4,26,yes,,,,,,,,,,5,26,,,,,,,,,,,5,26,,,,,,,,,,,5,26,,,,,,,,,,,5,26,,,,,,,,,,,5,26,,,,,,,,,,,5,26,,,,,,,,,,,5,26,,,,,,,,,,,5,26,,,,,,,,,,,5,26,,,,,,,,,,,5,26,,,,,,,,,,,5,26,,,,,,,,,,,5,26,,,,,,,,,,,5,26,,,,,,,,,,,5,26,,,,,,,,,,,5,26,,,,,,,,,,,5,26,,,,,,,,,,,5,26,,,,,,,,,,,5,26,,,,,,,,,,,5,26,,,,,,,,,,
,Sets,Reps,Were all sets completed successfully,,,,Video,Notes,,,,,Sets,Reps,Were all sets completed successfully,,,,Video,Notes,,,,,Sets,Reps,Were all sets completed successfully,,,,Video,Notes,,,,,Sets,Reps,Were all sets completed successfully,,,,Video,Notes,,,,,Sets,Reps,Were all sets completed successfully,,,,Video,Notes,,,,,Sets,Reps,Were all sets completed successfully,,,,Video,Notes,,,,,Sets,Reps,Were all sets completed successfully,,,,Video,Notes,,,,,Sets,Reps,Were all sets completed successfully,,,,Video,Notes,,,,,Sets,Reps,Were all sets completed successfully,,,,Video,Notes,,,,,Sets,Reps,Were all sets completed successfully,,,,Video,Notes,,,,,Sets,Reps,Were all sets completed successfully,,,,Video,Notes,,,,,Sets,Reps,Were all sets completed successfully,,,,Video,Notes,,,,,Sets,Reps,Were all sets completed successfully,,,,Video,Notes,,,,,Sets,Reps,Were all sets completed successfully,,,,Video,Notes,,,,,Sets,Reps,Were all sets completed successfully,,,,Video,Notes,,,,,Sets,Reps,Were all sets completed successfully,,,,Video,Notes,,,,,Sets,Reps,Were all sets completed successfully,,,,Video,Notes,,,,,Sets,Reps,Were all sets completed successfully,,,,Video,Notes,,,,,Sets,Reps,Were all sets completed successfully,,,,Video,Notes,,,,,Sets,Reps,Were all sets completed successfully,,,,Video,Notes,,,,,Sets,Reps,Were all sets completed successfully,,,,Video,Notes,,,,
Lateral Raises,3,20,yes,,,,,,,,,,4,20,no,,,,,,,,,,4,20,,,,,,,,,,,4,20,,,,,,,,,,,4,20,,,,,,,,,,,4,20,,,,,,,,,,,4,20,,,,,,,,,,,4,20,,,,,,,,,,,4,20,,,,,,,,,,,4,20,,,,,,,,,,,4,20,,,,,,,,,,,4,20,,,,,,,,,,,4,20,,,,,,,,,,,4,20,,,,,,,,,,,4,20,,,,,,,,,,,4,20,,,,,,,,,,,4,20,,,,,,,,,,,4,20,,,,,,,,,,,4,20,,,,,,,,,,,4,20,,,,,,,,,,,4,20,,,,,,,,,,
,Sets,Reps,Were all sets completed successfully,,,,Video,Notes,,,,,Sets,Reps,Were all sets completed successfully,,,,Video,Notes,,,,,Sets,Reps,Were all sets completed successfully,,,,Video,Notes,,,,,Sets,Reps,Were all sets completed successfully,,,,Video,Notes,,,,,Sets,Reps,Were all sets completed successfully,,,,Video,Notes,,,,,Sets,Reps,Were all sets completed successfully,,,,Video,Notes,,,,,Sets,Reps,Were all sets completed successfully,,,,Video,Notes,,,,,Sets,Reps,Were all sets completed successfully,,,,Video,Notes,,,,,Sets,Reps,Were all sets completed successfully,,,,Video,Notes,,,,,Sets,Reps,Were all sets completed successfully,,,,Video,Notes,,,,,Sets,Reps,Were all sets completed successfully,,,,Video,Notes,,,,,Sets,Reps,Were all sets completed successfully,,,,Video,Notes,,,,,Sets,Reps,Were all sets completed successfully,,,,Video,Notes,,,,,Sets,Reps,Were all sets completed successfully,,,,Video,Notes,,,,,Sets,Reps,Were all sets completed successfully,,,,Video,Notes,,,,,Sets,Reps,Were all sets completed successfully,,,,Video,Notes,,,,,Sets,Reps,Were all sets completed successfully,,,,Video,Notes,,,,,Sets,Reps,Were all sets completed successfully,,,,Video,Notes,,,,,Sets,Reps,Were all sets completed successfully,,,,Video,Notes,,,,,Sets,Reps,Were all sets completed successfully,,,,Video,Notes,,,,,Sets,Reps,Were all sets completed successfully,,,,Video,Notes,,,,
Chest Flye,3,8,yes,,,,,,,,,,4,8,yes,,,,,,,,,,5,8,,,,,,,,,,,5,8,,,,,,,,,,,5,8,,,,,,,,,,,5,8,,,,,,,,,,,5,8,,,,,,,,,,,5,8,,,,,,,,,,,5,8,,,,,,,,,,,5,8,,,,,,,,,,,5,8,,,,,,,,,,,5,8,,,,,,,,,,,5,8,,,,,,,,,,,5,8,,,,,,,,,,,5,8,,,,,,,,,,,5,8,,,,,,,,,,,5,8,,,,,,,,,,,5,8,,,,,,,,,,,5,8,,,,,,,,,,,5,8,,,,,,,,,,,5,8,,,,,,,,,,
Day 4,,,,,,,,,,,,,,,,,,,,,,,,,,,,,,,,,,,,,,,,,,,,,,,,,,,,,,,,,,,,,,,,,,,,,,,,,,,,,,,,,,,,,,,,,,,,,,,,,,,,,,,,,,,,,,,,,,,,,,,,,,,,,,,,,,,,,,,,,,,,,,,,,,,,,,,,,,,,,,,,,,,,,,,,,,,,,,,,,,,,,,,,,,,,,,,,,,,,,,,,,,,,,,,,,,,,,,,,,,,,,,,,,,,,,,,,,,,,,,,,,,,,,,,,,,,,
,Sets,Reps,Were all sets completed successfully,,,,Video,Notes,,,,,Sets,Reps,Were all sets completed successfully,,,,Video,Notes,,,,,Sets,Reps,Were all sets completed successfully,,,,Video,Notes,,,,,Sets,Reps,Were all sets completed successfully,,,,Video,Notes,,,,,Sets,Reps,Were all sets completed successfully,,,,Video,Notes,,,,,Sets,Reps,Were all sets completed successfully,,,,Video,Notes,,,,,Sets,Reps,Were all sets completed successfully,,,,Video,Notes,,,,,Sets,Reps,Were all sets completed successfully,,,,Video,Notes,,,,,Sets,Reps,Were all sets completed successfully,,,,Video,Notes,,,,,Sets,Reps,Were all sets completed successfully,,,,Video,Notes,,,,,Sets,Reps,Were all sets completed successfully,,,,Video,Notes,,,,,Sets,Reps,Were all sets completed successfully,,,,Video,Notes,,,,,Sets,Reps,Were all sets completed successfully,,,,Video,Notes,,,,,Sets,Reps,Were all sets completed successfully,,,,Video,Notes,,,,,Sets,Reps,Were all sets completed successfully,,,,Video,Notes,,,,,Sets,Reps,Were all sets completed successfully,,,,Video,Notes,,,,,Sets,Reps,Were all sets completed successfully,,,,Video,Notes,,,,,Sets,Reps,Were all sets completed successfully,,,,Video,Notes,,,,,Sets,Reps,Were all sets completed successfully,,,,Video,Notes,,,,,Sets,Reps,Were all sets completed successfully,,,,Video,Notes,,,,,Sets,Reps,Were all sets completed successfully,,,,Video,Notes,,,,
Booty Builder,3,8,yes,,,,,,,,,,4,8,,,,,,,,,,,4,8,,,,,,,,,,,4,8,,,,,,,,,,,4,8,,,,,,,,,,,4,8,,,,,,,,,,,4,8,,,,,,,,,,,4,8,,,,,,,,,,,4,8,,,,,,,,,,,4,8,,,,,,,,,,,4,8,,,,,,,,,,,4,8,,,,,,,,,,,4,8,,,,,,,,,,,4,8,,,,,,,,,,,4,8,,,,,,,,,,,4,8,,,,,,,,,,,4,8,,,,,,,,,,,4,8,,,,,,,,,,,4,8,,,,,,,,,,,4,8,,,,,,,,,,,4,8,,,,,,,,,,
,Weight,Reps per normal set,Rep out target,Set goal,Reps on last set,,Video,Notes,spacer 2,spacer 3,spacer 4,spacer 5,Weight,Reps per normal set,Rep out target,Set goal,Reps on last set,,Video,Notes,spacer 2,spacer 3,spacer 4,spacer 5,Weight,Reps per normal set,Rep out target,Set goal,Reps on last set,,Video,Notes,spacer 2,spacer 3,spacer 4,spacer 5,Weight,Reps per normal set,Rep out target,Set goal,Reps on last set,,Video,Notes,spacer 2,spacer 3,spacer 4,spacer 5,Weight,Reps per normal set,Rep out target,Set goal,Reps on last set,,Video,Notes,spacer 2,spacer 3,spacer 4,spacer 5,Weight,Reps per normal set,Rep out target,Set goal,Reps on last set,,Video,Notes,spacer 2,spacer 3,spacer 4,spacer 5,Weight,Reps per normal set,Rep out target,Set goal,Reps on last set,,Video,Notes,spacer 2,spacer 3,spacer 4,spacer 5,Weight,Reps per normal set,Rep out target,Set goal,Reps on last set,,Video,Notes,spacer 2,spacer 3,spacer 4,spacer 5,Weight,Reps per normal set,Rep out target,Set goal,Reps on last set,,Video,Notes,spacer 2,spacer 3,spacer 4,spacer 5,Weight,Reps per normal set,Rep out target,Set goal,Reps on last set,,Video,Notes,spacer 2,spacer 3,spacer 4,spacer 5,Weight,Reps per normal set,Rep out target,Set goal,Reps on last set,,Video,Notes,spacer 2,spacer 3,spacer 4,spacer 5,Weight,Reps per normal set,Rep out target,Set goal,Reps on last set,,Video,Notes,spacer 2,spacer 3,spacer 4,spacer 5,Weight,Reps per normal set,Rep out target,Set goal,Reps on last set,,Video,Notes,spacer 2,spacer 3,spacer 4,spacer 5,Weight,Reps per normal set,Rep out target,Set goal,Reps on last set,,Video,Notes,spacer 2,spacer 3,spacer 4,spacer 5,Weight,Reps per normal set,Rep out target,Set goal,Reps on last set,,Video,Notes,spacer 2,spacer 3,spacer 4,spacer 5,Weight,Reps per normal set,Rep out target,Set goal,Reps on last set,,Video,Notes,spacer 2,spacer 3,spacer 4,spacer 5,Weight,Reps per normal set,Rep out target,Set goal,Reps on last set,,Video,Notes,spacer 2,spacer 3,spacer 4,spacer 5,Weight,Reps per normal set,Rep out target,Set goal,Reps on last set,,Video,Notes,spacer 2,spacer 3,spacer 4,spacer 5,Weight,Reps per normal set,Rep out target,Set goal,Reps on last set,,Video,Notes,spacer 2,spacer 3,spacer 4,spacer 5,Weight,Reps per normal set,Rep out target,Set goal,Reps on last set,,Video,Notes,spacer 2,spacer 3,spacer 4,spacer 5,Weight,Reps per normal set,Rep out target,Set goal,Reps on last set,,Video,Notes,spacer 2,spacer 3,spacer 4,spacer 5
Front Squat TM,80.00,single @8,,,,,,,,,,,81.20,single @8,,,,,,,,,,,81.20,single @8,,,,,,,,,,,81.20,single @8,,,,,,,,,,,81.20,single @8,,,,,,,,,,,81.20,single @8,,,,,,,,,,,81.20,single @8,,,,,,,,,,,81.20,single @8,,,,,,,,,,,81.20,single @8,,,,,,,,,,,81.20,single @8,,,,,,,,,,,81.20,single @8,,,,,,,,,,,81.20,single @8,,,,,,,,,,,81.20,single @8,,,,,,,,,,,81.20,single @8,,,,,,,,,,,81.20,single @8,,,,,,,,,,,81.20,single @8,,,,,,,,,,,81.20,single @8,,,,,,,,,,,81.20,single @8,,,,,,,,,,,81.20,single @8,,,,,,,,,,,81.20,single @8,,,,,,,,,,,81.20,single @8,,,,,,,,,,
Front Squat,47.5,7,14,5,17,,,,,,,,52.5,6,12,5,,,,,,,,,57.5,5,10,5,,,,,,,,,50,7,13,5,,,,,,,,,55,6,11,5,,,,,,,,,60,5,9,5,,,,,,,,,47.5,5,n/a,4,,,,,,,,,52.5,6,12,5,,,,,,,,,57.5,5,10,5,,,,,,,,,60,4,8,5,,,,,,,,,55,6,11,5,,,,,,,,,60,5,9,5,,,,,,,,,62.5,4,7,5,,,,,,,,,47.5,5,n/a,4,,,,,,,,,57.5,5,10,5,,,,,,,,,60,4,8,5,,,,,,,,,65,3,6,5,,,,,,,,,60,4,8,5,,,,,,,,,65,3,6,5,,,,,,,,,70,2,4,5,,,,,,,,,47.5,5,n/a,4,,,,,,,,
,Sets,Reps,Were all sets completed successfully,,,,Video,Notes,,,,,Sets,Reps,Were all sets completed successfully,,,,Video,Notes,,,,,Sets,Reps,Were all sets completed successfully,,,,Video,Notes,,,,,Sets,Reps,Were all sets completed successfully,,,,Video,Notes,,,,,Sets,Reps,Were all sets completed successfully,,,,Video,Notes,,,,,Sets,Reps,Were all sets completed successfully,,,,Video,Notes,,,,,Sets,Reps,Were all sets completed successfully,,,,Video,Notes,,,,,Sets,Reps,Were all sets completed successfully,,,,Video,Notes,,,,,Sets,Reps,Were all sets completed successfully,,,,Video,Notes,,,,,Sets,Reps,Were all sets completed successfully,,,,Video,Notes,,,,,Sets,Reps,Were all sets completed successfully,,,,Video,Notes,,,,,Sets,Reps,Were all sets completed successfully,,,,Video,Notes,,,,,Sets,Reps,Were all sets completed successfully,,,,Video,Notes,,,,,Sets,Reps,Were all sets completed successfully,,,,Video,Notes,,,,,Sets,Reps,Were all sets completed successfully,,,,Video,Notes,,,,,Sets,Reps,Were all sets completed successfully,,,,Video,Notes,,,,,Sets,Reps,Were all sets completed successfully,,,,Video,Notes,,,,,Sets,Reps,Were all sets completed successfully,,,,Video,Notes,,,,,Sets,Reps,Were all sets completed successfully,,,,Video,Notes,,,,,Sets,Reps,Were all sets completed successfully,,,,Video,Notes,,,,,Sets,Reps,Were all sets completed successfully,,,,Video,Notes,,,,
Single Leg Press,4,12,yes,,,,,,,,,,5,12,,,,,,,,,,,5,12,,,,,,,,,,,5,12,,,,,,,,,,,5,12,,,,,,,,,,,5,12,,,,,,,,,,,5,12,,,,,,,,,,,5,12,,,,,,,,,,,5,12,,,,,,,,,,,5,12,,,,,,,,,,,5,12,,,,,,,,,,,5,12,,,,,,,,,,,5,12,,,,,,,,,,,5,12,,,,,,,,,,,5,12,,,,,,,,,,,5,12,,,,,,,,,,,5,12,,,,,,,,,,,5,12,,,,,,,,,,,5,12,,,,,,,,,,,5,12,,,,,,,,,,,5,12,,,,,,,,,,
,Sets,Reps,Were all sets completed successfully,,,,Video,Notes,,,,,Sets,Reps,Were all sets completed successfully,,,,Video,Notes,,,,,Sets,Reps,Were all sets completed successfully,,,,Video,Notes,,,,,Sets,Reps,Were all sets completed successfully,,,,Video,Notes,,,,,Sets,Reps,Were all sets completed successfully,,,,Video,Notes,,,,,Sets,Reps,Were all sets completed successfully,,,,Video,Notes,,,,,Sets,Reps,Were all sets completed successfully,,,,Video,Notes,,,,,Sets,Reps,Were all sets completed successfully,,,,Video,Notes,,,,,Sets,Reps,Were all sets completed successfully,,,,Video,Notes,,,,,Sets,Reps,Were all sets completed successfully,,,,Video,Notes,,,,,Sets,Reps,Were all sets completed successfully,,,,Video,Notes,,,,,Sets,Reps,Were all sets completed successfully,,,,Video,Notes,,,,,Sets,Reps,Were all sets completed successfully,,,,Video,Notes,,,,,Sets,Reps,Were all sets completed successfully,,,,Video,Notes,,,,,Sets,Reps,Were all sets completed successfully,,,,Video,Notes,,,,,Sets,Reps,Were all sets completed successfully,,,,Video,Notes,,,,,Sets,Reps,Were all sets completed successfully,,,,Video,Notes,,,,,Sets,Reps,Were all sets completed successfully,,,,Video,Notes,,,,,Sets,Reps,Were all sets completed successfully,,,,Video,Notes,,,,,Sets,Reps,Were all sets completed successfully,,,,Video,Notes,,,,,Sets,Reps,Were all sets completed successfully,,,,Video,Notes,,,,
Leg Extension,4,12,,,,,,,,,,,4,12,,,,,,,,,,,4,12,,,,,,,,,,,4,12,,,,,,,,,,,4,12,,,,,,,,,,,4,12,,,,,,,,,,,4,12,,,,,,,,,,,4,12,,,,,,,,,,,4,12,,,,,,,,,,,4,12,,,,,,,,,,,4,12,,,,,,,,,,,4,12,,,,,,,,,,,4,12,,,,,,,,,,,4,12,,,,,,,,,,,4,12,,,,,,,,,,,4,12,,,,,,,,,,,4,12,,,,,,,,,,,4,12,,,,,,,,,,,4,12,,,,,,,,,,,4,12,,,,,,,,,,,4,12,,,,,,,,,,
,Sets,Reps,Were all sets completed successfully,,,,Video,Notes,,,,,Sets,Reps,Were all sets completed successfully,,,,Video,Notes,,,,,Sets,Reps,Were all sets completed successfully,,,,Video,Notes,,,,,Sets,Reps,Were all sets completed successfully,,,,Video,Notes,,,,,Sets,Reps,Were all sets completed successfully,,,,Video,Notes,,,,,Sets,Reps,Were all sets completed successfully,,,,Video,Notes,,,,,Sets,Reps,Were all sets completed successfully,,,,Video,Notes,,,,,Sets,Reps,Were all sets completed successfully,,,,Video,Notes,,,,,Sets,Reps,Were all sets completed successfully,,,,Video,Notes,,,,,Sets,Reps,Were all sets completed successfully,,,,Video,Notes,,,,,Sets,Reps,Were all sets completed successfully,,,,Video,Notes,,,,,Sets,Reps,Were all sets completed successfully,,,,Video,Notes,,,,,Sets,Reps,Were all sets completed successfully,,,,Video,Notes,,,,,Sets,Reps,Were all sets completed successfully,,,,Video,Notes,,,,,Sets,Reps,Were all sets completed successfully,,,,Video,Notes,,,,,Sets,Reps,Were all sets completed successfully,,,,Video,Notes,,,,,Sets,Reps,Were all sets completed successfully,,,,Video,Notes,,,,,Sets,Reps,Were all sets completed successfully,,,,Video,Notes,,,,,Sets,Reps,Were all sets completed successfully,,,,Video,Notes,,,,,Sets,Reps,Were all sets completed successfully,,,,Video,Notes,,,,,Sets,Reps,Were all sets completed successfully,,,,Video,Notes,,,,
Hip Adduction,4,,,,,,,,,,,,4,,,,,,,,,,,,4,,,,,,,,,,,,4,,,,,,,,,,,,4,,,,,,,,,,,,4,,,,,,,,,,,,4,,,,,,,,,,,,4,,,,,,,,,,,,4,,,,,,,,,,,,4,,,,,,,,,,,,4,,,,,,,,,,,,4,,,,,,,,,,,,4,,,,,,,,,,,,4,,,,,,,,,,,,4,,,,,,,,,,,,4,,,,,,,,,,,,4,,,,,,,,,,,,4,,,,,,,,,,,,4,,,,,,,,,,,,4,,,,,,,,,,,,4,,,,,,,,,,,
,,,,,,,,,,,,,,,,,,,,,,,,,,,,,,,,,,,,,,,,,,,,,,,,,,,,,,,,,,,,,,,,,,,,,,,,,,,,,,,,,,,,,,,,,,,,,,,,,,,,,,,,,,,,,,,,,,,,,,,,,,,,,,,,,,,,,,,,,,,,,,,,,,,,,,,,,,,,,,,,,,,,,,,,,,,,,,,,,,,,,,,,,,,,,,,,,,,,,,,,,,,,,,,,,,,,,,,,,,,,,,,,,,,,,,,,,,,,,,,,,,,,,,,,,,,,
,,,,,,,,,,,,,,,,,,,,,,,,,,,,,,,,,,,,,,,,,,,,,,,,,,,,,,,,,,,,,,,,,,,,,,,,,,,,,,,,,,,,,,,,,,,,,,,,,,,,,,,,,,,,,,,,,,,,,,,,,,,,,,,,,,,,,,,,,,,,,,,,,,,,,,,,,,,,,,,,,,,,,,,,,,,,,,,,,,,,,,,,,,,,,,,,,,,,,,,,,,,,,,,,,,,,,,,,,,,,,,,,,,,,,,,,,,,,,,,,,,,,,,,,,,,,
,,,,,,,,,,,,,,,,,,,,,,,,,,,,,,,,,,,,,,,,,,,,,,,,,,,,,,,,,,,,,,,,,,,,,,,,,,,,,,,,,,,,,,,,,,,,,,,,,,,,,,,,,,,,,,,,,,,,,,,,,,,,,,,,,,,,,,,,,,,,,,,,,,,,,,,,,,,,,,,,,,,,,,,,,,,,,,,,,,,,,,,,,,,,,,,,,,,,,,,,,,,,,,,,,,,,,,,,,,,,,,,,,,,,,,,,,,,,,,,,,,,,,,,,,,,,
,,,,,,,,,,,,,,,,,,,,,,,,,,,,,,,,,,,,,,,,,,,,,,,,,,,,,,,,,,,,,,,,,,,,,,,,,,,,,,,,,,,,,,,,,,,,,,,,,,,,,,,,,,,,,,,,,,,,,,,,,,,,,,,,,,,,,,,,,,,,,,,,,,,,,,,,,,,,,,,,,,,,,,,,,,,,,,,,,,,,,,,,,,,,,,,,,,,,,,,,,,,,,,,,,,,,,,,,,,,,,,,,,,,,,,,,,,,,,,,,,,,,,,,,,,,,
,,,,,,,,,,,,,,,,,,,,,,,,,,,,,,,,,,,,,,,,,,,,,,,,,,,,,,,,,,,,,,,,,,,,,,,,,,,,,,,,,,,,,,,,,,,,,,,,,,,,,,,,,,,,,,,,,,,,,,,,,,,,,,,,,,,,,,,,,,,,,,,,,,,,,,,,,,,,,,,,,,,,,,,,,,,,,,,,,,,,,,,,,,,,,,,,,,,,,,,,,,,,,,,,,,,,,,,,,,,,,,,,,,,,,,,,,,,,,,,,,,,,,,,,,,,,
,,,,,,,,,,,,,,,,,,,,,,,,,,,,,,,,,,,,,,,,,,,,,,,,,,,,,,,,,,,,,,,,,,,,,,,,,,,,,,,,,,,,,,,,,,,,,,,,,,,,,,,,,,,,,,,,,,,,,,,,,,,,,,,,,,,,,,,,,,,,,,,,,,,,,,,,,,,,,,,,,,,,,,,,,,,,,,,,,,,,,,,,,,,,,,,,,,,,,,,,,,,,,,,,,,,,,,,,,,,,,,,,,,,,,,,,,,,,,,,,,,,,,,,,,,,,
,,,,,,,,,,,,,,,,,,,,,,,,,,,,,,,,,,,,,,,,,,,,,,,,,,,,,,,,,,,,,,,,,,,,,,,,,,,,,,,,,,,,,,,,,,,,,,,,,,,,,,,,,,,,,,,,,,,,,,,,,,,,,,,,,,,,,,,,,,,,,,,,,,,,,,,,,,,,,,,,,,,,,,,,,,,,,,,,,,,,,,,,,,,,,,,,,,,,,,,,,,,,,,,,,,,,,,,,,,,,,,,,,,,,,,,,,,,,,,,,,,,,,,,,,,,,
,,,,,,,,,,,,,,,,,,,,,,,,,,,,,,,,,,,,,,,,,,,,,,,,,,,,,,,,,,,,,,,,,,,,,,,,,,,,,,,,,,,,,,,,,,,,,,,,,,,,,,,,,,,,,,,,,,,,,,,,,,,,,,,,,,,,,,,,,,,,,,,,,,,,,,,,,,,,,,,,,,,,,,,,,,,,,,,,,,,,,,,,,,,,,,,,,,,,,,,,,,,,,,,,,,,,,,,,,,,,,,,,,,,,,,,,,,,,,,,,,,,,,,,,,,,,
,,,,,,,,,,,,,,,,,,,,,,,,,,,,,,,,,,,,,,,,,,,,,,,,,,,,,,,,,,,,,,,,,,,,,,,,,,,,,,,,,,,,,,,,,,,,,,,,,,,,,,,,,,,,,,,,,,,,,,,,,,,,,,,,,,,,,,,,,,,,,,,,,,,,,,,,,,,,,,,,,,,,,,,,,,,,,,,,,,,,,,,,,,,,,,,,,,,,,,,,,,,,,,,,,,,,,,,,,,,,,,,,,,,,,,,,,,,,,,,,,,,,,,,,,,,,
,,,,,,,,,,,,,,,,,,,,,,,,,,,,,,,,,,,,,,,,,,,,,,,,,,,,,,,,,,,,,,,,,,,,,,,,,,,,,,,,,,,,,,,,,,,,,,,,,,,,,,,,,,,,,,,,,,,,,,,,,,,,,,,,,,,,,,,,,,,,,,,,,,,,,,,,,,,,,,,,,,,,,,,,,,,,,,,,,,,,,,,,,,,,,,,,,,,,,,,,,,,,,,,,,,,,,,,,,,,,,,,,,,,,,,,,,,,,,,,,,,,,,,,,,,,,
,,,,,,,,,,,,,,,,,,,,,,,,,,,,,,,,,,,,,,,,,,,,,,,,,,,,,,,,,,,,,,,,,,,,,,,,,,,,,,,,,,,,,,,,,,,,,,,,,,,,,,,,,,,,,,,,,,,,,,,,,,,,,,,,,,,,,,,,,,,,,,,,,,,,,,,,,,,,,,,,,,,,,,,,,,,,,,,,,,,,,,,,,,,,,,,,,,,,,,,,,,,,,,,,,,,,,,,,,,,,,,,,,,,,,,,,,,,,,,,,,,,,,,,,,,,,
,,,,,,,,,,,,,,,,,,,,,,,,,,,,,,,,,,,,,,,,,,,,,,,,,,,,,,,,,,,,,,,,,,,,,,,,,,,,,,,,,,,,,,,,,,,,,,,,,,,,,,,,,,,,,,,,,,,,,,,,,,,,,,,,,,,,,,,,,,,,,,,,,,,,,,,,,,,,,,,,,,,,,,,,,,,,,,,,,,,,,,,,,,,,,,,,,,,,,,,,,,,,,,,,,,,,,,,,,,,,,,,,,,,,,,,,,,,,,,,,,,,,,,,,,,,,
,,,,,,,,,,,,,,,,,,,,,,,,,,,,,,,,,,,,,,,,,,,,,,,,,,,,,,,,,,,,,,,,,,,,,,,,,,,,,,,,,,,,,,,,,,,,,,,,,,,,,,,,,,,,,,,,,,,,,,,,,,,,,,,,,,,,,,,,,,,,,,,,,,,,,,,,,,,,,,,,,,,,,,,,,,,,,,,,,,,,,,,,,,,,,,,,,,,,,,,,,,,,,,,,,,,,,,,,,,,,,,,,,,,,,,,,,,,,,,,,,,,,,,,,,,,,
,,,,,,,,,,,,,,,,,,,,,,,,,,,,,,,,,,,,,,,,,,,,,,,,,,,,,,,,,,,,,,,,,,,,,,,,,,,,,,,,,,,,,,,,,,,,,,,,,,,,,,,,,,,,,,,,,,,,,,,,,,,,,,,,,,,,,,,,,,,,,,,,,,,,,,,,,,,,,,,,,,,,,,,,,,,,,,,,,,,,,,,,,,,,,,,,,,,,,,,,,,,,,,,,,,,,,,,,,,,,,,,,,,,,,,,,,,,,,,,,,,,,,,,,,,,,
,,,,,,,,,,,,,,,,,,,,,,,,,,,,,,,,,,,,,,,,,,,,,,,,,,,,,,,,,,,,,,,,,,,,,,,,,,,,,,,,,,,,,,,,,,,,,,,,,,,,,,,,,,,,,,,,,,,,,,,,,,,,,,,,,,,,,,,,,,,,,,,,,,,,,,,,,,,,,,,,,,,,,,,,,,,,,,,,,,,,,,,,,,,,,,,,,,,,,,,,,,,,,,,,,,,,,,,,,,,,,,,,,,,,,,,,,,,,,,,,,,,,,,,,,,,,
,,,,,,,,,,,,,,,,,,,,,,,,,,,,,,,,,,,,,,,,,,,,,,,,,,,,,,,,,,,,,,,,,,,,,,,,,,,,,,,,,,,,,,,,,,,,,,,,,,,,,,,,,,,,,,,,,,,,,,,,,,,,,,,,,,,,,,,,,,,,,,,,,,,,,,,,,,,,,,,,,,,,,,,,,,,,,,,,,,,,,,,,,,,,,,,,,,,,,,,,,,,,,,,,,,,,,,,,,,,,,,,,,,,,,,,,,,,,,,,,,,,,,,,,,,,,
,,,,,,,,,,,,,,,,,,,,,,,,,,,,,,,,,,,,,,,,,,,,,,,,,,,,,,,,,,,,,,,,,,,,,,,,,,,,,,,,,,,,,,,,,,,,,,,,,,,,,,,,,,,,,,,,,,,,,,,,,,,,,,,,,,,,,,,,,,,,,,,,,,,,,,,,,,,,,,,,,,,,,,,,,,,,,,,,,,,,,,,,,,,,,,,,,,,,,,,,,,,,,,,,,,,,,,,,,,,,,,,,,,,,,,,,,,,,,,,,,,,,,,,,,,,,
,,,,,,,,,,,,,,,,,,,,,,,,,,,,,,,,,,,,,,,,,,,,,,,,,,,,,,,,,,,,,,,,,,,,,,,,,,,,,,,,,,,,,,,,,,,,,,,,,,,,,,,,,,,,,,,,,,,,,,,,,,,,,,,,,,,,,,,,,,,,,,,,,,,,,,,,,,,,,,,,,,,,,,,,,,,,,,,,,,,,,,,,,,,,,,,,,,,,,,,,,,,,,,,,,,,,,,,,,,,,,,,,,,,,,,,,,,,,,,,,,,,,,,,,,,,,
,,,,,,,,,,,,,,,,,,,,,,,,,,,,,,,,,,,,,,,,,,,,,,,,,,,,,,,,,,,,,,,,,,,,,,,,,,,,,,,,,,,,,,,,,,,,,,,,,,,,,,,,,,,,,,,,,,,,,,,,,,,,,,,,,,,,,,,,,,,,,,,,,,,,,,,,,,,,,,,,,,,,,,,,,,,,,,,,,,,,,,,,,,,,,,,,,,,,,,,,,,,,,,,,,,,,,,,,,,,,,,,,,,,,,,,,,,,,,,,,,,,,,,,,,,,,
,,,,,,,,,,,,,,,,,,,,,,,,,,,,,,,,,,,,,,,,,,,,,,,,,,,,,,,,,,,,,,,,,,,,,,,,,,,,,,,,,,,,,,,,,,,,,,,,,,,,,,,,,,,,,,,,,,,,,,,,,,,,,,,,,,,,,,,,,,,,,,,,,,,,,,,,,,,,,,,,,,,,,,,,,,,,,,,,,,,,,,,,,,,,,,,,,,,,,,,,,,,,,,,,,,,,,,,,,,,,,,,,,,,,,,,,,,,,,,,,,,,,,,,,,,,,
,,,,,,,,,,,,,,,,,,,,,,,,,,,,,,,,,,,,,,,,,,,,,,,,,,,,,,,,,,,,,,,,,,,,,,,,,,,,,,,,,,,,,,,,,,,,,,,,,,,,,,,,,,,,,,,,,,,,,,,,,,,,,,,,,,,,,,,,,,,,,,,,,,,,,,,,,,,,,,,,,,,,,,,,,,,,,,,,,,,,,,,,,,,,,,,,,,,,,,,,,,,,,,,,,,,,,,,,,,,,,,,,,,,,,,,,,,,,,,,,,,,,,,,,,,,,
,,,,,,,,,,,,,,,,,,,,,,,,,,,,,,,,,,,,,,,,,,,,,,,,,,,,,,,,,,,,,,,,,,,,,,,,,,,,,,,,,,,,,,,,,,,,,,,,,,,,,,,,,,,,,,,,,,,,,,,,,,,,,,,,,,,,,,,,,,,,,,,,,,,,,,,,,,,,,,,,,,,,,,,,,,,,,,,,,,,,,,,,,,,,,,,,,,,,,,,,,,,,,,,,,,,,,,,,,,,,,,,,,,,,,,,,,,,,,,,,,,,,,,,,,,,,
,,,,,,,,,,,,,,,,,,,,,,,,,,,,,,,,,,,,,,,,,,,,,,,,,,,,,,,,,,,,,,,,,,,,,,,,,,,,,,,,,,,,,,,,,,,,,,,,,,,,,,,,,,,,,,,,,,,,,,,,,,,,,,,,,,,,,,,,,,,,,,,,,,,,,,,,,,,,,,,,,,,,,,,,,,,,,,,,,,,,,,,,,,,,,,,,,,,,,,,,,,,,,,,,,,,,,,,,,,,,,,,,,,,,,,,,,,,,,,,,,,,,,,,,,,,,
,,,,,,,,,,,,,,,,,,,,,,,,,,,,,,,,,,,,,,,,,,,,,,,,,,,,,,,,,,,,,,,,,,,,,,,,,,,,,,,,,,,,,,,,,,,,,,,,,,,,,,,,,,,,,,,,,,,,,,,,,,,,,,,,,,,,,,,,,,,,,,,,,,,,,,,,,,,,,,,,,,,,,,,,,,,,,,,,,,,,,,,,,,,,,,,,,,,,,,,,,,,,,,,,,,,,,,,,,,,,,,,,,,,,,,,,,,,,,,,,,,,,,,,,,,,,
,,,,,,,,,,,,,,,,,,,,,,,,,,,,,,,,,,,,,,,,,,,,,,,,,,,,,,,,,,,,,,,,,,,,,,,,,,,,,,,,,,,,,,,,,,,,,,,,,,,,,,,,,,,,,,,,,,,,,,,,,,,,,,,,,,,,,,,,,,,,,,,,,,,,,,,,,,,,,,,,,,,,,,,,,,,,,,,,,,,,,,,,,,,,,,,,,,,,,,,,,,,,,,,,,,,,,,,,,,,,,,,,,,,,,,,,,,,,,,,,,,,,,,,,,,,,
Cable Bicep Curl TM,80.00,single @8,,,,,,,,,,,80.00,single @8,,,,,,,,,,,80.00,single @8,,,,,,,,,,,80.00,single @8,,,,,,,,,,,80.00,single @8,,,,,,,,,,,80.00,single @8,,,,,,,,,,,80.00,single @8,,,,,,,,,,,80.00,single @8,,,,,,,,,,,80.00,single @8,,,,,,,,,,,80.00,single @8,,,,,,,,,,,80.00,single @8,,,,,,,,,,,80.00,single @8,,,,,,,,,,,80.00,single @8,,,,,,,,,,,80.00,single @8,,,,,,,,,,,80.00,single @8,,,,,,,,,,,80.00,single @8,,,,,,,,,,,80.00,single @8,,,,,,,,,,,80.00,single @8,,,,,,,,,,,80.00,single @8,,,,,,,,,,,80.00,single @8,,,,,,,,,,,80.00,single @8,,,,,,,,,,
Cable Bicep Curl,55,5,10,5,,,,,,,,,60,4,8,5,,,,,,,,,65,3,6,5,,,,,,,,,60,5,9,5,,,,,,,,,60,4,7,5,,,,,,,,,65,3,5,5,,,,,,,,,50,5,n/a,4,,,,,,,,,60,4,8,5,,,,,,,,,65,3,6,5,,,,,,,,,70,2,4,5,,,,,,,,,60,4,7,5,,,,,,,,,65,3,5,5,,,,,,,,,70,2,3,5,,,,,,,,,50,5,n/a,4,,,,,,,,,65,3,6,5,,,,,,,,,70,2,4,5,,,,,,,,,70,1,2,5,,,,,,,,,70,2,4,5,,,,,,,,,70,1,2,5,,,,,,,,,75,1,2,5,,,,,,,,,50,5,n/a,4,,,,,,,,
Lat Pulldown,#REF!,10,12,4,,,,,,,,,#REF!,9,11,4,,,,,,,,,#REF!,8,10,4,,,,,,,,,#REF!,9,11,4,,,,,,,,,#REF!,8,10,4,,,,,,,,,#REF!,7,9,4,,,,,,,,,#REF!,5,n/a,4,,,,,,,,,#REF!,9,11,4,,,,,,,,,#REF!,8,10,4,,,,,,,,,#REF!,7,9,4,,,,,,,,,#REF!,8,10,4,,,,,,,,,#REF!,7,9,4,,,,,,,,,#REF!,6,8,4,,,,,,,,,#REF!,5,n/a,4,,,,,,,,,#REF!,8,10,4,,,,,,,,,#REF!,7,9,4,,,,,,,,,#REF!,6,8,4,,,,,,,,,#REF!,7,9,4,,,,,,,,,#REF!,6,8,4,,,,,,,,,#REF!,5,6,4,,,,,,,,,#REF!,5,n/a,4,,,,,,,,